#,Reference,Qty,Value,Footprint,DNP
1,C2,1,100uF,Capacitor_SMD:C_0402_1005Metric,
2,C3,1,10uF,Capacitor_SMD:C_0402_1005Metric,
3,"C4, C6",2,1uF,Capacitor_SMD:C_0402_1005Metric,
4,"C5, C9",2,4.7uF,Capacitor_SMD:C_0402_1005Metric,
5,"C7, C8, C10, C12, C13",5,100nF,Capacitor_SMD:C_0402_1005Metric,
6,"D1, D2, D3, D4, D5, D6, D7, D8, D9, D10, D11, D12",12,1N4148WS,Diode_SMD:D_SOD-323,
7,D13,1,PWR LED,LED_SMD:LED_0201_0603Metric (RED),
8,D14,1,USER LED,LED_SMD:LED_0201_0603Metric (BLUE),
9,"H1, H2, H3, H4",4,MountingHole,MountingHole:MountingHole_2.7mm_M2.5,
10,J1,1,BOOT_SELECTION_JUMPER,Connector_PinHeader_2.54mm:PinHeader_2x03_P2.54mm_Vertical,
11,J2,1,USB_C_Receptacle_USB2.0,Connector_USB:USB_C_Receptacle TYPEC-304J-BCP16,
12,J3,1,Conn_01x04,Connector_PinHeader_2.54mm:PinHeader_1x04_P2.54mm_Vertical,
13,"J4, J5",2,Conn_01x16,Connector_PinHeader_2.54mm:PinHeader_1x16_P2.54mm_Vertical,
14,J6,1,Conn_01x05,Connector_PinHeader_2.54mm:PinHeader_1x05_P2.54mm_Vertical,
15,"R1, R9, R10",3,10k,Resistor_SMD:R_0402_1005Metric,
16,"R2, R3",2,100k,Resistor_SMD:R_0402_1005Metric,
17,"R4, R5",2,100,Resistor_SMD:R_0402_1005Metric,
18,R6,1,1k,Resistor_SMD:R_0402_1005Metric,
19,"R7, R8",2,20R,Resistor_SMD:R_0402_1005Metric,
20,"R11, R12",2,5k,Resistor_SMD:R_0402_1005Metric,
21,SW1,1,~,My_Custom:e103-07,
22,SW2,1,RST,Button_Switch_SMD:SW_SPST_SKQG_WithStem,
23,"SWK1, SWK8",2,~,,
24,"SWK2, SWK11",2,KEY2,,
25,"SWK3, SWK12",2,KEY3,,
26,SWK4,1,KEY4,,
27,SWK5,1,KEY5,,
28,"SWK6, SWK9",2,KEY6,,
29,SWK7,1,KEY7,,
30,SWKK10,1,KEY1,,
31,U1,1,STM32F072CBTx,Package_QFP:LQFP-48_7x7mm_P0.5mm,
32,U2,1,XC6206P332MR,Package_TO_SOT_SMD:SOT-23,
